<?xml version="1.0" encoding="UTF-8"?>
<project-private xmlns="http://www.netbeans.org/ns/project-private/1">
    <editor-bookmarks xmlns="http://www.netbeans.org/ns/editor-bookmarks/2" lastBookmarkId="0"/>
    <open-files xmlns="http://www.netbeans.org/ns/projectui-open-files/2">
        <group>
            <file>file:/C:/Users/Shakthi/Documents/NetBeansProjects/hotelP/web/user.jsp</file>
            <file>file:/C:/Users/Shakthi/Documents/NetBeansProjects/hotelP/web/login.jsp</file>
            <file>file:/C:/Users/Shakthi/Documents/NetBeansProjects/hotelP/src/java/controller/ReserverARoom.java</file>
            <file>file:/C:/Users/Shakthi/Documents/NetBeansProjects/hotelP/src/java/controller/OrderDetail.java</file>
            <file>file:/C:/Users/Shakthi/Documents/NetBeansProjects/hotelP/web/receipt.jsp</file>
            <file>file:/C:/Users/Shakthi/Documents/NetBeansProjects/hotelP/src/java/controller/LoginServerlet.java</file>
            <file>file:/C:/Users/Shakthi/Documents/NetBeansProjects/hotelP/src/java/controller/ExecutePaymentServlet.java</file>
        </group>
    </open-files>
</project-private>
